no,sample,Species,Plant_type,Sun_Shade,Phenological_stage,Soil,photosynthesis,conditions,experiment,Site_name,FieldSpec file,FieldSpec_original,FieldSpec_original_splice_corrected,Li6400 file,LWC,CN Ratio,N%,C%,13C
11,B1,Brassica oleraceae,Agricultural,Sun,Mature,Pot,C3,low nitrogen,greenhouse August 2014,Dusseldorf_BG_Greenhouse,ExpUrteAugust201400089.asd.txt,ExpUrteAugust201400089.asd,ExpUrteAugust201400089.asd.sco,August2014_B1_.csv,78.36584895,21.5785,1.74,37.63,-31.98047436
12,B2,Brassica oleraceae,Agricultural,Sun,Mature,Pot,C3,low nitrogen,greenhouse August 2014,Dusseldorf_BG_Greenhouse,ExpUrteAugust201400098.asd.txt,ExpUrteAugust201400098.asd,ExpUrteAugust201400098.asd.sco,August2014_B2_.csv,77.13794585,24.1264,1.59,38.25,-32.19671285
13,B3,Brassica oleraceae,Agricultural,Sun,Mature,Pot,C3,low nitrogen,greenhouse August 2014,Dusseldorf_BG_Greenhouse,ExpUrteAugust201400110.asd.txt,ExpUrteAugust201400110.asd,ExpUrteAugust201400110.asd.sco,August2014_B3_.csv,81.27783156,19.5663,1.83,35.79,-33.02577401
14,B4,Brassica oleraceae,Agricultural,Sun,Mature,Pot,C3,low nitrogen,greenhouse August 2014,Dusseldorf_BG_Greenhouse,ExpUrteAugust201400116.asd.txt,ExpUrteAugust201400116.asd,ExpUrteAugust201400116.asd.sco,August2014_B4_.csv,85.04210005,17.6197,2.16,38.08,-32.86602034
15,B5,Brassica oleraceae,Agricultural,Sun,Mature,Pot,C3,low nitrogen,greenhouse August 2014,Dusseldorf_BG_Greenhouse,ExpUrteAugust201400125.asd.txt,ExpUrteAugust201400125.asd,ExpUrteAugust201400125.asd.sco,August2014_B5_.csv,86.04436229,16.5211,2.19,36.2,-32.32069365
16,B6,Brassica oleraceae,Agricultural,Sun,Mature,Pot,C3,low nitrogen,greenhouse August 2014,Dusseldorf_BG_Greenhouse,ExpUrteAugust201400134.asd.txt,ExpUrteAugust201400134.asd,ExpUrteAugust201400134.asd.sco,August2014_B6_.csv,84.07079646,26.7168,1.4,37.45,-32.23428785
17,B7,Brassica oleraceae,Agricultural,Sun,Mature,Pot,C3,low nitrogen,greenhouse August 2014,Dusseldorf_BG_Greenhouse,ExpUrteAugust201400143.asd.txt,ExpUrteAugust201400143.asd,ExpUrteAugust201400143.asd.sco,August2014_B7_.csv,81.79400815,18.6551,2.01,37.55,-32.58656407
18,B8,Brassica oleraceae,Agricultural,Sun,Mature,Pot,C3,low nitrogen,greenhouse August 2014,Dusseldorf_BG_Greenhouse,ExpUrteAugust201400152.asd.txt,ExpUrteAugust201400152.asd,ExpUrteAugust201400152.asd.sco,August2014_B8_.csv,78.62154354,18.4169,2.07,38.05,-32.65219108
19,B9,Brassica oleraceae,Agricultural,Sun,Mature,Pot,C3,low nitrogen,greenhouse August 2014,Dusseldorf_BG_Greenhouse,ExpUrteAugust201400161.asd.txt,ExpUrteAugust201400161.asd,ExpUrteAugust201400161.asd.sco,August2014_B9_.csv,84.20813451,23.3861,1.68,39.24,-31.73878525
20,B10,Brassica oleraceae,Agricultural,Sun,Mature,Pot,C3,low nitrogen,greenhouse August 2014,Dusseldorf_BG_Greenhouse,ExpUrteAugust201400170.asd.txt,ExpUrteAugust201400170.asd,ExpUrteAugust201400170.asd.sco,August2014_B10_.csv,79.77877636,16.1076,2.16,34.87,-33.1681054
21,B11,Brassica oleraceae,Agricultural,Sun,Mature,Pot,C3,control,greenhouse August 2014,Dusseldorf_BG_Greenhouse,ExpUrteAugust201400179.asd.txt,ExpUrteAugust201400179.asd,ExpUrteAugust201400179.asd.sco,August2014_B11_.csv,82.63251407,8.7941,4.98,43.8,-30.08799862
22,B12,Brassica oleraceae,Agricultural,Sun,Mature,Pot,C3,control,greenhouse August 2014,Dusseldorf_BG_Greenhouse,ExpUrteAugust201400188.asd.txt,ExpUrteAugust201400188.asd,ExpUrteAugust201400188.asd.sco,August2014_B12_.csv,84.4754977,8.2787,5.05,41.83,-31.40214704
23,B13,Brassica oleraceae,Agricultural,Sun,Mature,Pot,C3,control,greenhouse August 2014,Dusseldorf_BG_Greenhouse,ExpUrteAugust201400197.asd.txt,ExpUrteAugust201400197.asd,ExpUrteAugust201400197.asd.sco,August2014_B13_.csv,85.04413207,8.4167,5.05,42.53,-31.19519846
24,B14,Brassica oleraceae,Agricultural,Sun,Mature,Pot,C3,control,greenhouse August 2014,Dusseldorf_BG_Greenhouse,ExpUrteAugust201400206.asd.txt,ExpUrteAugust201400206.asd,ExpUrteAugust201400206.asd.sco,August2014_B14_.csv,81.35048232,7.3457,5.92,43.47,-31.53130203
25,B15,Brassica oleraceae,Agricultural,Sun,Mature,Pot,C3,control,greenhouse August 2014,Dusseldorf_BG_Greenhouse,ExpUrteAugust201400218.asd.txt,ExpUrteAugust201400218.asd,ExpUrteAugust201400218.asd.sco,August2014_B15_.csv,88.95958727,8.3404,4.92,41.04,-30.24927747
26,B16,Brassica oleraceae,Agricultural,Sun,Mature,Pot,C3,control,greenhouse August 2014,Dusseldorf_BG_Greenhouse,ExpUrteAugust201400224.asd.txt,ExpUrteAugust201400224.asd,ExpUrteAugust201400224.asd.sco,August2014_B16_.csv,78.79758764,6.9458,6.13,42.56,-30.70998053
27,B17,Brassica oleraceae,Agricultural,Sun,Mature,Pot,C3,control,greenhouse August 2014,Dusseldorf_BG_Greenhouse,ExpUrteAugust201400233.asd.txt,ExpUrteAugust201400233.asd,ExpUrteAugust201400233.asd.sco,August2014_B17_.csv,85.76786831,6.0248,7.21,43.41,-30.49436853
28,B18,Brassica oleraceae,Agricultural,Sun,Mature,Pot,C3,control,greenhouse August 2014,Dusseldorf_BG_Greenhouse,ExpUrteAugust201400242.asd.txt,ExpUrteAugust201400242.asd,ExpUrteAugust201400242.asd.sco,August2014_B18_.csv,85.55431131,10.2834,4.2,43.21,-30.23431082
29,B19,Brassica oleraceae,Agricultural,Sun,Mature,Pot,C3,control,greenhouse August 2014,Dusseldorf_BG_Greenhouse,ExpUrteAugust201400251.asd.txt,ExpUrteAugust201400251.asd,ExpUrteAugust201400251.asd.sco,August2014_B19_.csv,81.01784147,8.6796,5.09,44.22,-30.25172559
30,B20,Brassica oleraceae,Agricultural,Sun,Mature,Pot,C3,control,greenhouse August 2014,Dusseldorf_BG_Greenhouse,ExpUrteAugust201400260.asd.txt,ExpUrteAugust201400260.asd,ExpUrteAugust201400260.asd.sco,August2014_B20_.csv,82.30898277,8.5331,4.99,42.57,-31.30083015
45,B21,Brassica oleraceae,Agricultural,Sun,Mature,Pot,C3,control,greenhouse August 2014,Dusseldorf_BG_Greenhouse,ExpUrteAugust201400395.asd.txt,ExpUrteAugust201400395.asd,ExpUrteAugust201400395.asd.sco,August2014_B21_.csv,83.9162886,9.7981,4.01,39.3,-31.04160265
46,B22,Brassica oleraceae,Agricultural,Sun,Mature,Pot,C3,low nitrogen,greenhouse August 2014,Dusseldorf_BG_Greenhouse,ExpUrteAugust201400404.asd.txt,ExpUrteAugust201400404.asd,ExpUrteAugust201400404.asd.sco,August2014_B22_.csv,78.07807808,26.0726,1.5,39.11,-31.87426356
47,B23,Brassica oleraceae,Agricultural,Sun,Mature,Pot,C3,low water,greenhouse August 2014,Dusseldorf_BG_Greenhouse,ExpUrteAugust201400449.asd.txt,ExpUrteAugust201400449.asd,ExpUrteAugust201400449.asd.sco,August2014_B23_.csv,57.75896283,9.2331,4.48,41.32,-30.36163335
48,B24,Brassica oleraceae,Agricultural,Sun,Mature,Pot,C3,low water,greenhouse August 2014,Dusseldorf_BG_Greenhouse,ExpUrteAugust201400455.asd.txt,ExpUrteAugust201400455.asd,ExpUrteAugust201400455.asd.sco,August2014_B24_.csv,67.32017307,8.4365,4.81,40.58,-30.77426794
49,B25,Brassica oleraceae,Agricultural,Sun,Mature,Pot,C3,low water,greenhouse August 2014,Dusseldorf_BG_Greenhouse,ExpUrteAugust201400464.asd.txt,ExpUrteAugust201400464.asd,ExpUrteAugust201400464.asd.sco,August2014_B25_.csv,58.85623511,7.4913,5.69,42.61,-30.42973195
50,B26,Brassica oleraceae,Agricultural,Sun,Mature,Pot,C3,low water,greenhouse August 2014,Dusseldorf_BG_Greenhouse,ExpUrteAugust201400473.asd.txt,ExpUrteAugust201400473.asd,ExpUrteAugust201400473.asd.sco,August2014_B26_.csv,63.20405646,9.7943,4.2,41.18,-30.44563555
51,B27,Brassica oleraceae,Agricultural,Sun,Mature,Pot,C3,low water,greenhouse August 2014,Dusseldorf_BG_Greenhouse,ExpUrteAugust201400482.asd.txt,ExpUrteAugust201400482.asd,ExpUrteAugust201400482.asd.sco,August2014_B27_.csv,56.74157303,7.7329,5.55,42.88,-30.25113187
52,B28,Brassica oleraceae,Agricultural,Sun,Mature,Pot,C3,low water,greenhouse August 2014,Dusseldorf_BG_Greenhouse,ExpUrteAugust201400494.asd.txt,ExpUrteAugust201400494.asd,ExpUrteAugust201400494.asd.sco,August2014_B28_.csv,73.36143309,6.8224,6.01,40.98,-32.85040299
53,B29,Brassica oleraceae,Agricultural,Sun,Mature,Pot,C3,low water,greenhouse August 2014,Dusseldorf_BG_Greenhouse,ExpUrteAugust201400503.asd.txt,ExpUrteAugust201400503.asd,ExpUrteAugust201400503.asd.sco,August2014_B29_.csv,85.41360024,7.4491,5.17,38.49,-32.92175373
54,B30,Brassica oleraceae,Agricultural,Sun,Mature,Pot,C3,low water,greenhouse August 2014,Dusseldorf_BG_Greenhouse,ExpUrteAugust201400509.asd.txt,ExpUrteAugust201400509.asd,ExpUrteAugust201400509.asd.sco,August2014_B30_.csv,80.93023256,7.3047,5.76,42.07,-29.28099457
55,B31,Brassica oleraceae,Agricultural,Sun,Mature,Pot,C3,low water,greenhouse August 2014,Dusseldorf_BG_Greenhouse,ExpUrteAugust201400518.asd.txt,ExpUrteAugust201400518.asd,ExpUrteAugust201400518.asd.sco,August2014_B31_.csv,78.14899357,8.4929,5.08,43.11,-29.16164139
56,B32,Brassica oleraceae,Agricultural,Sun,Mature,Pot,C3,low water,greenhouse August 2014,Dusseldorf_BG_Greenhouse,ExpUrteAugust201400536.asd.txt,ExpUrteAugust201400536.asd,ExpUrteAugust201400536.asd.sco,August2014_B32_.csv,82.69670833,7.7955,5.26,41.01,-30.30816739
57,B33,Brassica oleraceae,Agricultural,Sun,Mature,Pot,C3,low water,greenhouse August 2014,Dusseldorf_BG_Greenhouse,ExpUrteAugust201400542.asd.txt,ExpUrteAugust201400542.asd,ExpUrteAugust201400542.asd.sco,August2014_B33_.csv,79.57887701,6.6737,6.25,41.72,-29.69872856
58,B34,Brassica oleraceae,Agricultural,Sun,Mature,Pot,C3,low water,greenhouse August 2014,Dusseldorf_BG_Greenhouse,ExpUrteAugust201400551.asd.txt,ExpUrteAugust201400551.asd,ExpUrteAugust201400551.asd.sco,August2014_B34_.csv,78.85266346,7.3684,5.93,43.69,-30.49513092
59,B35,Brassica oleraceae,Agricultural,Sun,Mature,Pot,C3,low water,greenhouse August 2014,Dusseldorf_BG_Greenhouse,ExpUrteAugust201400560.asd.txt,ExpUrteAugust201400560.asd,ExpUrteAugust201400560.asd.sco,August2014_B35_.csv,79.89871445,7.4568,5.51,41.1,-30.45793256
60,B36,Brassica oleraceae,Agricultural,Sun,Mature,Pot,C3,low water,greenhouse August 2014,Dusseldorf_BG_Greenhouse,ExpUrteAugust201400569.asd.txt,ExpUrteAugust201400569.asd,ExpUrteAugust201400569.asd.sco,August2014_B36_.csv,79.75411461,7.273,5.78,42.01,-30.19630723
61,B37,Brassica oleraceae,Agricultural,Sun,Mature,Pot,C3,low water,greenhouse August 2014,Dusseldorf_BG_Greenhouse,ExpUrteAugust201400579.asd.txt,ExpUrteAugust201400579.asd,ExpUrteAugust201400579.asd.sco,August2014_B37_.csv,79.81144343,8.6096,4.44,38.24,-30.528562
62,B38,Brassica oleraceae,Agricultural,Sun,Mature,Pot,C3,low water,greenhouse August 2014,Dusseldorf_BG_Greenhouse,ExpUrteAugust201400590.asd.txt,ExpUrteAugust201400590.asd,ExpUrteAugust201400590.asd.sco,August2014_B38_.csv,70.22274326,5.2823,8.16,43.13,-29.12291668
63,B39,Brassica oleraceae,Agricultural,Sun,Mature,Pot,C3,low water,greenhouse August 2014,Dusseldorf_BG_Greenhouse,ExpUrteAugust201400596.asd.txt,ExpUrteAugust201400596.asd,ExpUrteAugust201400596.asd.sco,August2014_B39_.csv,73.39719971,5.9086,6.92,40.88,-32.36397799
64,B40,Brassica oleraceae,Agricultural,Sun,Mature,Pot,C3,low water,greenhouse August 2014,Dusseldorf_BG_Greenhouse,ExpUrteAugust201400605.asd.txt,ExpUrteAugust201400605.asd,ExpUrteAugust201400605.asd.sco,August2014_B40_.csv,78.56541269,8.8402,4.83,42.72,-30.69643005
1,M1,Zea mays,Agricultural,Sun,Mature,Pot,C4,low nitrogen,greenhouse August 2014,Dusseldorf_BG_Greenhouse,ExpUrteAugust201400002.asd.txt,ExpUrteAugust201400002.asd,ExpUrteAugust201400002.asd.sco,August2014_M1_.csv,97.64641489,30.8165,1.38,42.64,-12.8501313
2,M2,Zea mays,Agricultural,Sun,Mature,Pot,C4,low nitrogen,greenhouse August 2014,Dusseldorf_BG_Greenhouse,ExpUrteAugust201400008.asd.txt,ExpUrteAugust201400008.asd,ExpUrteAugust201400008.asd.sco,August2014_M2_.csv,97.4128234,36.5184,1.15,41.96,-12.67547194
3,M3,Zea mays,Agricultural,Sun,Mature,Pot,C4,low nitrogen,greenhouse August 2014,Dusseldorf_BG_Greenhouse,ExpUrteAugust201400017.asd.txt,ExpUrteAugust201400017.asd,ExpUrteAugust201400017.asd.sco,August2014_M3_.csv,96.77906392,34.8616,1.24,43.14,-12.71084369
4,M4,Zea mays,Agricultural,Sun,Mature,Pot,C4,low nitrogen,greenhouse August 2014,Dusseldorf_BG_Greenhouse,ExpUrteAugust201400026.asd.txt,ExpUrteAugust201400026.asd,ExpUrteAugust201400026.asd.sco,August2014_M4_.csv,96.93934335,33.9749,1.26,42.9,-12.67778977
5,M5,Zea mays,Agricultural,Sun,Mature,Pot,C4,low nitrogen,greenhouse August 2014,Dusseldorf_BG_Greenhouse,ExpUrteAugust201400035.asd.txt,ExpUrteAugust201400035.asd,ExpUrteAugust201400035.asd.sco,August2014_M5_.csv,96.67326733,36.5446,1.16,42.43,-12.8120467
6,M6,Zea mays,Agricultural,Sun,Mature,Pot,C4,low nitrogen,greenhouse August 2014,Dusseldorf_BG_Greenhouse,ExpUrteAugust201400044.asd.txt,ExpUrteAugust201400044.asd,ExpUrteAugust201400044.asd.sco,August2014_M6_.csv,97.23356009,42.2881,1.02,42.95,-12.99275021
7,M7,Zea mays,Agricultural,Sun,Mature,Pot,C4,low nitrogen,greenhouse August 2014,Dusseldorf_BG_Greenhouse,ExpUrteAugust201400053.asd.txt,ExpUrteAugust201400053.asd,ExpUrteAugust201400053.asd.sco,August2014_M7_.csv,96.16576297,40.349,1.05,42.25,-12.73913989
8,M8,Zea mays,Agricultural,Sun,Mature,Pot,C4,low nitrogen,greenhouse August 2014,Dusseldorf_BG_Greenhouse,ExpUrteAugust201400062.asd.txt,ExpUrteAugust201400062.asd,ExpUrteAugust201400062.asd.sco,August2014_M8_.csv,96.92246203,38.6095,1.1,42.44,-12.83219456
9,M9,Zea mays,Agricultural,Sun,Mature,Pot,C4,low nitrogen,greenhouse August 2014,Dusseldorf_BG_Greenhouse,ExpUrteAugust201400071.asd.txt,ExpUrteAugust201400071.asd,ExpUrteAugust201400071.asd.sco,August2014_M9_.csv,95.44487016,39.8389,1.06,42.38,-12.90871782
10,M10,Zea mays,Agricultural,Sun,Mature,Pot,C4,low nitrogen,greenhouse August 2014,Dusseldorf_BG_Greenhouse,ExpUrteAugust201400080.asd.txt,ExpUrteAugust201400080.asd,ExpUrteAugust201400080.asd.sco,August2014_M10_.csv,95.13788099,41.7115,1.01,42.07,-12.78786248
31,M11,Zea mays,Agricultural,Sun,Mature,Pot,C4,control,greenhouse August 2014,Dusseldorf_BG_Greenhouse,ExpUrteAugust201400269.asd.txt,ExpUrteAugust201400269.asd,ExpUrteAugust201400269.asd.sco,August2014_M11_.csv,97.24901751,14.1769,3.16,44.85,-14.95202463
32,M12,Zea mays,Agricultural,Sun,Mature,Pot,C4,control,greenhouse August 2014,Dusseldorf_BG_Greenhouse,ExpUrteAugust201400278.asd.txt,ExpUrteAugust201400278.asd,ExpUrteAugust201400278.asd.sco,August2014_M12_.csv,97.83693844,15.3802,2.89,44.52,-14.9948936
33,M13,Zea mays,Agricultural,Sun,Mature,Pot,C4,control,greenhouse August 2014,Dusseldorf_BG_Greenhouse,ExpUrteAugust201400287.asd.txt,ExpUrteAugust201400287.asd,ExpUrteAugust201400287.asd.sco,August2014_M13_.csv,97.58064516,18.0411,2.45,44.13,-14.67053145
34,M14,Zea mays,Agricultural,Sun,Mature,Pot,C4,control,greenhouse August 2014,Dusseldorf_BG_Greenhouse,ExpUrteAugust201400296.asd.txt,ExpUrteAugust201400296.asd,ExpUrteAugust201400296.asd.sco,August2014_M14_.csv,98.039902,18.7641,2.36,44.29,-14.78817924
35,M15,Zea mays,Agricultural,Sun,Mature,Pot,C4,control,greenhouse August 2014,Dusseldorf_BG_Greenhouse,ExpUrteAugust201400305.asd.txt,ExpUrteAugust201400305.asd,ExpUrteAugust201400305.asd.sco,August2014_M15_.csv,97.03615886,21.9959,2,43.98,-15.14832146
36,M16,Zea mays,Agricultural,Sun,Mature,Pot,C4,control,greenhouse August 2014,Dusseldorf_BG_Greenhouse,ExpUrteAugust201400314.asd.txt,ExpUrteAugust201400314.asd,ExpUrteAugust201400314.asd.sco,August2014_M16_.csv,96.81238616,20.2176,2.2,44.47,-14.94033457
37,M17,Zea mays,Agricultural,Sun,Mature,Pot,C4,control,greenhouse August 2014,Dusseldorf_BG_Greenhouse,ExpUrteAugust201400326.asd.txt,ExpUrteAugust201400326.asd,ExpUrteAugust201400326.asd.sco,August2014_M17_.csv,97.58274451,13.3108,3.34,44.41,-14.62861178
38,M18,Zea mays,Agricultural,Sun,Mature,Pot,C4,control,greenhouse August 2014,Dusseldorf_BG_Greenhouse,ExpUrteAugust201400332.asd.txt,ExpUrteAugust201400332.asd,ExpUrteAugust201400332.asd.sco,August2014_M18_.csv,97.60670124,21.0496,2.1,44.14,-14.36274462
39,M19,Zea mays,Agricultural,Sun,Mature,Pot,C4,control,greenhouse August 2014,Dusseldorf_BG_Greenhouse,ExpUrteAugust201400341.asd.txt,ExpUrteAugust201400341.asd,ExpUrteAugust201400341.asd.sco,August2014_M19_.csv,98.10233819,22.0782,2,44.25,-14.84784947
40,M20,Zea mays,Agricultural,Sun,Mature,Pot,C4,control,greenhouse August 2014,Dusseldorf_BG_Greenhouse,ExpUrteAugust201400350.asd.txt,ExpUrteAugust201400350.asd,ExpUrteAugust201400350.asd.sco,August2014_M20_.csv,96.10054786,29.7807,1.46,43.61,-14.71936312
41,M21,Zea mays,Agricultural,Sun,Mature,Pot,C4,control,greenhouse August 2014,Dusseldorf_BG_Greenhouse,ExpUrteAugust201400359.asd.txt,ExpUrteAugust201400359.asd,ExpUrteAugust201400359.asd.sco,August2014_M21_.csv,98.3805668,16.6724,2.63,43.85,-14.67956696
42,M22,Zea mays,Agricultural,Sun,Mature,Pot,C4,control,greenhouse August 2014,Dusseldorf_BG_Greenhouse,ExpUrteAugust201400368.asd.txt,ExpUrteAugust201400368.asd,ExpUrteAugust201400368.asd.sco,August2014_M22_.csv,98.25274279,16.537,2.71,44.74,-14.22405333
43,M23,Zea mays,Agricultural,Sun,Mature,Pot,C4,control,greenhouse August 2014,Dusseldorf_BG_Greenhouse,ExpUrteAugust201400377.asd.txt,ExpUrteAugust201400377.asd,ExpUrteAugust201400377.asd.sco,August2014_M23_.csv,97.79816514,20.5194,2.16,44.33,-14.57395077
44,M24,Zea mays,Agricultural,Sun,Mature,Pot,C4,low nitrogen,greenhouse August 2014,Dusseldorf_BG_Greenhouse,ExpUrteAugust201400386.asd.txt,ExpUrteAugust201400386.asd,ExpUrteAugust201400386.asd.sco,August2014_M24_.csv,96.92307692,45.2338,0.95,43.09,-12.74159909
65,M25,Zea mays,Agricultural,Sun,Mature,Pot,C4,low water,greenhouse August 2014,Dusseldorf_BG_Greenhouse,ExpUrteAugust201400617.asd.txt,ExpUrteAugust201400617.asd,ExpUrteAugust201400617.asd.sco,August2014_M25_.csv,99.22734027,12.8779,3.51,45.21,-15.04056361
66,M26,Zea mays,Agricultural,Sun,Mature,Pot,C4,low water,greenhouse August 2014,Dusseldorf_BG_Greenhouse,ExpUrteAugust201400623.asd.txt,ExpUrteAugust201400623.asd,ExpUrteAugust201400623.asd.sco,August2014_M26_.csv,98.60388074,16.0844,2.77,44.52,-14.96686894
67,M27,Zea mays,Agricultural,Sun,Mature,Pot,C4,low water,greenhouse August 2014,Dusseldorf_BG_Greenhouse,ExpUrteAugust201400632.asd.txt,ExpUrteAugust201400632.asd,ExpUrteAugust201400632.asd.sco,August2014_M27_.csv,98.97058824,13.3367,3.4,45.31,-15.31532943
68,M28,Zea mays,Agricultural,Sun,Mature,Pot,C4,low water,greenhouse August 2014,Dusseldorf_BG_Greenhouse,ExpUrteAugust201400641.asd.txt,ExpUrteAugust201400641.asd,ExpUrteAugust201400641.asd.sco,August2014_M28_.csv,98.07862844,16.0672,2.82,45.23,-15.34139049
69,M29,Zea mays,Agricultural,Sun,Mature,Pot,C4,low water,greenhouse August 2014,Dusseldorf_BG_Greenhouse,ExpUrteAugust201400650.asd.txt,ExpUrteAugust201400650.asd,ExpUrteAugust201400650.asd.sco,August2014_M29_.csv,97.91901012,12.6483,3.53,44.62,-14.90923294
70,M30,Zea mays,Agricultural,Sun,Mature,Pot,C4,low water,greenhouse August 2014,Dusseldorf_BG_Greenhouse,ExpUrteAugust201400659.asd.txt,ExpUrteAugust201400659.asd,ExpUrteAugust201400659.asd.sco,August2014_M30_.csv,98.08875931,13.7909,3.25,44.87,-15.11297324
71,M31,Zea mays,Agricultural,Sun,Mature,Pot,C4,low water,greenhouse August 2014,Dusseldorf_BG_Greenhouse,ExpUrteAugust201400668.asd.txt,ExpUrteAugust201400668.asd,ExpUrteAugust201400668.asd.sco,August2014_M31_.csv,95.64263323,14.2344,3.13,44.61,-15.32392091
72,M32,Zea mays,Agricultural,Sun,Mature,Pot,C4,low water,greenhouse August 2014,Dusseldorf_BG_Greenhouse,ExpUrteAugust201400683.asd.txt,ExpUrteAugust201400683.asd,ExpUrteAugust201400683.asd.sco,August2014_M32_.csv,96.50848765,11.7189,3.72,43.63,-15.37245936
73,M33,Zea mays,Agricultural,Sun,Mature,Pot,C4,low water,greenhouse August 2014,Dusseldorf_BG_Greenhouse,ExpUrteAugust201400690.asd.txt,ExpUrteAugust201400690.asd,ExpUrteAugust201400690.asd.sco,August2014_M33_.csv,98.2799246,13.1323,3.36,44.13,-15.64288115
74,M34,Zea mays,Agricultural,Sun,Mature,Pot,C4,low water,greenhouse August 2014,Dusseldorf_BG_Greenhouse,ExpUrteAugust201400699.asd.txt,ExpUrteAugust201400699.asd,ExpUrteAugust201400699.asd.sco,August2014_M34_.csv,97.2775397,13.1406,3.39,44.49,-15.25444066
75,M35,Zea mays,Agricultural,Sun,Mature,Pot,C4,low water,greenhouse August 2014,Dusseldorf_BG_Greenhouse,ExpUrteAugust201400708.asd.txt,ExpUrteAugust201400708.asd,ExpUrteAugust201400708.asd.sco,August2014_M35_.csv,95.86730391,13.8726,3.17,44,-15.476526
76,M36,Zea mays,Agricultural,Sun,Mature,Pot,C4,low water,greenhouse August 2014,Dusseldorf_BG_Greenhouse,ExpUrteAugust201400717.asd.txt,ExpUrteAugust201400717.asd,ExpUrteAugust201400717.asd.sco,August2014_M36_.csv,89.80392157,13.482,3.39,45.73,-15.75964805
77,M37,Zea mays,Agricultural,Sun,Mature,Pot,C4,low water,greenhouse August 2014,Dusseldorf_BG_Greenhouse,ExpUrteAugust201400735.asd.txt,ExpUrteAugust201400735.asd,ExpUrteAugust201400735.asd.sco,August2014_M37_.csv,96.18041447,15.5905,2.84,44.35,-15.5937026
78,M38,Zea mays,Agricultural,Sun,Mature,Pot,C4,low water,greenhouse August 2014,Dusseldorf_BG_Greenhouse,ExpUrteAugust201400741.asd.txt,ExpUrteAugust201400741.asd,ExpUrteAugust201400741.asd.sco,August2014_M38_.csv,98.51828499,12.6974,3.48,44.23,-15.23459884
79,M39,Zea mays,Agricultural,Sun,Mature,Pot,C4,low water,greenhouse August 2014,Dusseldorf_BG_Greenhouse,ExpUrteAugust201400750.asd.txt,ExpUrteAugust201400750.asd,ExpUrteAugust201400750.asd.sco,August2014_M39_.csv,98.04814574,13.2811,3.35,44.45,-15.20544913
80,M40,Zea mays,Agricultural,Sun,Mature,Pot,C4,low water,greenhouse August 2014,Dusseldorf_BG_Greenhouse,ExpUrteAugust201400759.asd.txt,ExpUrteAugust201400759.asd,ExpUrteAugust201400759.asd.sco,August2014_M40_.csv,94.12244898,22.8791,1.9,43.58,-15.77097421
81,Fb 1a,Flaveria bidentis,Wild,Sun,Mature,Managed,C4,control (CLF climate chamber),initial experiment June 2014,Dusseldorf_BG,Moricandia_CLF00273.asd.txt,Moricandia_CLF00273.asd,Moricandia_CLF00273.asd.sco,Jun14_Fb1a_.csv,83.67052023,7.473,4.79,35.78,
82,Fb 1b,Flaveria bidentis,Wild,Sun,Mature,Managed,C4,control (CLF climate chamber),initial experiment June 2014,Dusseldorf_BG,Moricandia_CLF00279.asd.txt,Moricandia_CLF00279.asd,Moricandia_CLF00279.asd.sco,Jun14_Fb1b_.csv,88.82997526,7.9357,4.38,34.75,
83,Fb 2a,Flaveria bidentis,Wild,Sun,Mature,Managed,C4,control (CLF climate chamber),initial experiment June 2014,Dusseldorf_BG,Moricandia_CLF00285.asd.txt,Moricandia_CLF00285.asd,Moricandia_CLF00285.asd.sco,Jun14_Fb2a_.csv,81.47838215,7.4339,5.01,37.27,
84,Fb 2b,Flaveria bidentis,Wild,Sun,Mature,Managed,C4,control (CLF climate chamber),initial experiment June 2014,Dusseldorf_BG,Moricandia_CLF00291.asd.txt,Moricandia_CLF00291.asd,Moricandia_CLF00291.asd.sco,Jun14_Fb2b_.csv,80.6779661,7.827,4.6,36.01,
85,Fb 2c,Flaveria bidentis,Wild,Sun,Mature,Managed,C4,control (CLF climate chamber),initial experiment June 2014,Dusseldorf_BG,Moricandia_CLF00297.asd.txt,Moricandia_CLF00297.asd,Moricandia_CLF00297.asd.sco,Jun14_Fb2c_.csv,84.63888889,7.6088,4.56,34.7,
86,Fb 3a,Flaveria bidentis,Wild,Sun,Mature,Managed,C4,control (CLF climate chamber),initial experiment June 2014,Dusseldorf_BG,Moricandia_CLF00303.asd.txt,Moricandia_CLF00303.asd,Moricandia_CLF00303.asd.sco,Jun14_Fb3a_.csv,81.888495,7.1608,4.98,35.64,
87,Fb 3b,Flaveria bidentis,Wild,Sun,Mature,Managed,C4,control (CLF climate chamber),initial experiment June 2014,Dusseldorf_BG,Moricandia_CLF00309.asd.txt,Moricandia_CLF00309.asd,Moricandia_CLF00309.asd.sco,Jun14_Fb3b_.csv,84.36043501,7.3484,5.13,37.72,
88,Fp 1a,Flaveria pringlii,Wild,Sun,Mature,Managed,C3,control (CLF climate chamber),initial experiment June 2014,Dusseldorf_BG,Moricandia_CLF00234.asd.txt,Moricandia_CLF00234.asd,Moricandia_CLF00234.asd.sco,Jun14_Fp1a_.csv,94.87737342,5.3797,5.33,28.69,
89,Fp 1b,Flaveria pringlii,Wild,Sun,Mature,Managed,C3,control (CLF climate chamber),initial experiment June 2014,Dusseldorf_BG,Moricandia_CLF00240.asd.txt,Moricandia_CLF00240.asd,Moricandia_CLF00240.asd.sco,Jun14_Fp1b_.csv,94.17253521,5.6287,5.34,30.06,
90,Fp 2a,Flaveria pringlii,Wild,Sun,Mature,Managed,C3,control (CLF climate chamber),initial experiment June 2014,Dusseldorf_BG,Moricandia_CLF00246.asd.txt,Moricandia_CLF00246.asd,Moricandia_CLF00246.asd.sco,Jun14_Fp2a_.csv,93.20914879,6.2495,5.21,32.58,
91,Fp 2b,Flaveria pringlii,Wild,Sun,Mature,Managed,C3,control (CLF climate chamber),initial experiment June 2014,Dusseldorf_BG,Moricandia_CLF00252.asd.txt,Moricandia_CLF00252.asd,Moricandia_CLF00252.asd.sco,Jun14_Fp2b_.csv,94.37561943,5.8463,5.35,31.27,
92,Fp 3a,Flaveria pringlii,Wild,Sun,Mature,Managed,C3,control (CLF climate chamber),initial experiment June 2014,Dusseldorf_BG,Moricandia_CLF00261.asd.txt,Moricandia_CLF00261.asd,Moricandia_CLF00261.asd.sco,Jun14_Fp3a_.csv,86.03556485,4.9105,6.12,30.07,
93,Fp 3b,Flaveria pringlii,Wild,Sun,Mature,Managed,C3,control (CLF climate chamber),initial experiment June 2014,Dusseldorf_BG,Moricandia_CLF00267.asd.txt,Moricandia_CLF00267.asd,Moricandia_CLF00267.asd.sco,Jun14_Fp3b_.csv,84.27525622,5.1523,5.87,30.27,
94,Fr 1a,Flaveria robusta,Wild,Sun,Mature,Managed,C3,control (CLF climate chamber),initial experiment June 2014,Dusseldorf_BG,Moricandia_CLF00171.asd.txt,Moricandia_CLF00171.asd,Moricandia_CLF00171.asd.sco,Jun14_FR1a_.csv,89.09932051,4.8685,6.47,31.51,
96,Fr 1c,Flaveria robusta,Wild,Sun,Mature,Managed,C3,control (CLF climate chamber),initial experiment June 2014,Dusseldorf_BG,Moricandia_CLF00180.asd.txt,Moricandia_CLF00180.asd,Moricandia_CLF00180.asd.sco,Jun14_FR1c_.csv,91.39084825,4.3312,6.89,29.86,
97,Fr 1e,Flaveria robusta,Wild,Sun,Mature,Managed,C3,control (CLF climate chamber),initial experiment June 2014,Dusseldorf_BG,Moricandia_CLF00210.asd.txt,Moricandia_CLF00210.asd,Moricandia_CLF00210.asd.sco,Jun14_FR1e_.csv,89.7826087,5.0856,6.59,33.52,
98,Fr 1f,Flaveria robusta,Wild,Sun,Mature,Managed,C3,control (CLF climate chamber),initial experiment June 2014,Dusseldorf_BG,Moricandia_CLF00216.asd.txt,Moricandia_CLF00216.asd,Moricandia_CLF00216.asd.sco,Jun14_FR1f_.csv,95.06437768,4.619,6.56,30.31,
99,Fr 2a,Flaveria robusta,Wild,Sun,Mature,Managed,C3,control (CLF climate chamber),initial experiment June 2014,Dusseldorf_BG,Moricandia_CLF00186.asd.txt,Moricandia_CLF00186.asd,Moricandia_CLF00186.asd.sco,Jun14_FR2a_.csv,,4.7713,6.63,31.62,
101,Fr 2c,Flaveria robusta,Wild,Sun,Mature,Managed,C3,control (CLF climate chamber),initial experiment June 2014,Dusseldorf_BG,Moricandia_CLF00198.asd.txt,Moricandia_CLF00198.asd,Moricandia_CLF00198.asd.sco,Jun14_FR2c_.csv,93.21186138,4.5728,6.63,30.31,
102,Fr 2d,Flaveria robusta,Wild,Sun,Mature,Managed,C3,control (CLF climate chamber),initial experiment June 2014,Dusseldorf_BG,Moricandia_CLF00204.asd.txt,Moricandia_CLF00204.asd,Moricandia_CLF00204.asd.sco,Jun14_FR2d_.csv,91.45193261,5.045,6.53,32.93,
103,Fr 3a,Flaveria robusta,Wild,Sun,Mature,Managed,C3,control (CLF climate chamber),initial experiment June 2014,Dusseldorf_BG,Moricandia_CLF00222.asd.txt,Moricandia_CLF00222.asd,Moricandia_CLF00222.asd.sco,Jun14_FR3a_.csv,93.89484607,5.8835,5.49,32.28,
104,Fr 3b,Flaveria robusta,Wild,Sun,Mature,Managed,C3,control (CLF climate chamber),initial experiment June 2014,Dusseldorf_BG,Moricandia_CLF00228.asd.txt,Moricandia_CLF00228.asd,Moricandia_CLF00228.asd.sco,Jun14_FR3b_.csv,93.57798165,6.1264,5.31,32.55,
105,M. mori 23,Moricandia moricandioides,Wild,Sun,Mature,Managed,C3,control (greenhouse),initial experiment June 2014,Dusseldorf_BG,Moricandia_CLF00123.asd.txt,Moricandia_CLF00123.asd,Moricandia_CLF00123.asd.sco,Jun14_MmGH_23a_.csv,94.52038224,5.6892,5.72,32.53,
106,M. mori 24,Moricandia moricandioides,Wild,Sun,Mature,Managed,C3,control (greenhouse),initial experiment June 2014,Dusseldorf_BG,Moricandia_CLF00117.asd.txt,Moricandia_CLF00117.asd,Moricandia_CLF00117.asd.sco,Jun14_MmGH_24a_.csv,91.97897623,5.188,6.78,35.2,
107,M. mori 25,Moricandia moricandioides,Wild,Sun,Mature,Managed,C3,control (greenhouse),initial experiment June 2014,Dusseldorf_BG,Moricandia_CLF00099.asd.txt,Moricandia_CLF00099.asd,Moricandia_CLF00099.asd.sco,Jun14_MmGH_25a_.csv,88.50432633,5.568,5.99,33.37,
108,M. mori 27,Moricandia moricandioides,Wild,Sun,Mature,Managed,C3,control (greenhouse),initial experiment June 2014,Dusseldorf_BG,Moricandia_CLF00105.asd.txt,Moricandia_CLF00105.asd,Moricandia_CLF00105.asd.sco,Jun14_MmGH_27a_.csv,92.41784038,4.6013,6.99,32.18,
109,M. mori 28,Moricandia moricandioides,Wild,Sun,Mature,Managed,C3,control (greenhouse),initial experiment June 2014,Dusseldorf_BG,Moricandia_CLF00111.asd.txt,Moricandia_CLF00111.asd,Moricandia_CLF00111.asd.sco,Jun14_MmGH_28a_.csv,92.88408348,4.8969,6.71,32.87,
110,M. mori xx1a,Moricandia moricandioides,Wild,Sun,Mature,Managed,C3,control (greenhouse),initial experiment June 2014,Dusseldorf_BG,Moricandia_CLF00129.asd.txt,Moricandia_CLF00129.asd,Moricandia_CLF00129.asd.sco,Jun14_MmGH_xx1a_.csv,95.61614944,5.8821,6.17,36.28,
113,M. mori 8a,Moricandia moricandioides,Wild,Sun,Mature,Managed,C3,control (CLF climate chamber),initial experiment June 2014,Dusseldorf_BG,Moricandia_CLF00063.asd.txt,Moricandia_CLF00063.asd,Moricandia_CLF00063.asd.sco,Jun14_MmCLF_8a_.csv,94.29650954,4.3989,6.76,29.73,
114,M. mori x1a (13),Moricandia moricandioides,Wild,Sun,Mature,Managed,C3,control (CLF climate chamber),initial experiment June 2014,Dusseldorf_BG,Moricandia_CLF00033.asd.txt,Moricandia_CLF00033.asd,Moricandia_CLF00033.asd.sco,Jun14_MmCLF_x1a_.csv,86.33254407,5.1938,6.88,35.71,
115,M. mori x2a,Moricandia moricandioides,Wild,Sun,Mature,Managed,C3,control (CLF climate chamber),initial experiment June 2014,Dusseldorf_BG,Moricandia_CLF00051.asd.txt,Moricandia_CLF00051.asd,Moricandia_CLF00051.asd.sco,Jun14_MmCLF_x2a_.csv,91.69840061,5.0184,6.29,31.58,
116,M. mori 12a,Moricandia moricandioides,Wild,Sun,Mature,Managed,C3,control (CLF climate chamber),initial experiment June 2014,Dusseldorf_BG,Moricandia_CLF00057.asd.txt,Moricandia_CLF00057.asd,Moricandia_CLF00057.asd.sco,Jun14_MmCLF_12a_.csv,90.51391036,4.5652,7.84,35.79,
117,M. mori 14a,Moricandia moricandioides,Wild,Sun,Mature,Managed,C3,control (CLF climate chamber),initial experiment June 2014,Dusseldorf_BG,Moricandia_CLF00039.asd.txt,Moricandia_CLF00039.asd,Moricandia_CLF00039.asd.sco,Jun14_MmCLF_14a_.csv,88.7218979,5.3899,6.47,34.85,
118,M. mori 15a,Moricandia moricandioides,Wild,Sun,Mature,Managed,C3,control (CLF climate chamber),initial experiment June 2014,Dusseldorf_BG,Moricandia_CLF00045.asd.txt,Moricandia_CLF00045.asd,Moricandia_CLF00045.asd.sco,Jun14_MmCLF_15a_.csv,87.00171561,5.0422,6.53,32.9,
119,M. suff 6,Moricandia suffruticosa,Wild,Sun,Mature,Managed,C3-C4,control (CLF climate chamber),initial experiment June 2014,Dusseldorf_BG,Moricandia_CLF00003.asd.txt,Moricandia_CLF00003.asd,Moricandia_CLF00003.asd.sco,Jun14_MsCLF6a_.csv,75.65536817,10.7252,3.56,38.16,
120,M. suff 7,Moricandia suffruticosa,Wild,Sun,Mature,Managed,C3-C4,control (CLF climate chamber),initial experiment June 2014,Dusseldorf_BG,Moricandia_CLF00009.asd.txt,Moricandia_CLF00009.asd,Moricandia_CLF00009.asd.sco,Jun14_MsCLF7a_.csv,81.09915673,6.6124,4.78,31.58,
121,M. suff 8,Moricandia suffruticosa,Wild,Sun,Mature,Managed,C3-C4,control (CLF climate chamber),initial experiment June 2014,Dusseldorf_BG,Moricandia_CLF00015.asd.txt,Moricandia_CLF00015.asd,Moricandia_CLF00015.asd.sco,Jun14_MsCLF8a_.csv,84.95658739,4.9715,7.58,37.7,
122,M. suff 10,Moricandia suffruticosa,Wild,Sun,Mature,Managed,C3-C4,control (CLF climate chamber),initial experiment June 2014,Dusseldorf_BG,Moricandia_CLF00021.asd.txt,Moricandia_CLF00021.asd,Moricandia_CLF00021.asd.sco,Jun14_MsCLF10a_.csv,82.23036851,6.8421,5.03,34.4,
123,M. suff 1,Moricandia suffruticosa,Wild,Sun,Mature,Managed,C3-C4,control (CLF climate chamber),initial experiment June 2014,Dusseldorf_BG,Moricandia_CLF00027.asd.txt,Moricandia_CLF00027.asd,Moricandia_CLF00027.asd.sco,Jun14_MsCLF1a_.csv,83.36435945,6.6048,4.92,32.48,
124,M. suff 11,Moricandia suffruticosa,Wild,Sun,Mature,Managed,C3-C4,control (greenhouse),initial experiment June 2014,Dusseldorf_BG,Moricandia_CLF00093.asd.txt,Moricandia_CLF00093.asd,Moricandia_CLF00093.asd.sco,Jun14_MsGH11a_.csv,87.29586936,6.3274,5.19,32.84,
126,M. suff 15,Moricandia suffruticosa,Wild,Sun,Mature,Managed,C3-C4,control (greenhouse),initial experiment June 2014,Dusseldorf_BG,Moricandia_CLF00069.asd.txt,Moricandia_CLF00069.asd,Moricandia_CLF00069.asd.sco,Jun14_MsGH15a_.csv,86.14977974,7.4112,5.05,37.45,
127,M. suff 17,Moricandia suffruticosa,Wild,Sun,Mature,Managed,C3-C4,control (greenhouse),initial experiment June 2014,Dusseldorf_BG,Moricandia_CLF00075.asd.txt,Moricandia_CLF00075.asd,Moricandia_CLF00075.asd.sco,Jun14_MsGH17a_.csv,87.99848082,5.5448,5.56,30.83,
128,M. suff 18,Moricandia suffruticosa,Wild,Sun,Mature,Managed,C3-C4,control (greenhouse),initial experiment June 2014,Dusseldorf_BG,Moricandia_CLF00081.asd.txt,Moricandia_CLF00081.asd,Moricandia_CLF00081.asd.sco,Jun14_MsGH18a_.csv,89.27851673,5.9184,5.61,33.2,
131,MOR1 1,Moricandia arvensis MOR1,Wild,Sun,Mature,Managed,C3-C4,control (greenhouse),initial experiment June 2014,Dusseldorf_BG,Moricandia_CLF00165.asd.txt,Moricandia_CLF00165.asd,Moricandia_CLF00165.asd.sco,Jun14_MOR1GH_1a_.csv,94.94002482,7.9295,4.08,32.39,
132,MOR1 3,Moricandia arvensis MOR1,Wild,Sun,Mature,Managed,C3-C4,control (greenhouse),initial experiment June 2014,Dusseldorf_BG,Moricandia_CLF00153.asd.txt,Moricandia_CLF00153.asd,Moricandia_CLF00153.asd.sco,Jun14_MOR1GH_3a_.csv,92.97961388,6.5562,4.82,31.61,
133,MOR1 6a,Moricandia arvensis MOR1,Wild,Sun,Mature,Managed,C3-C4,control (greenhouse),initial experiment June 2014,Dusseldorf_BG,Moricandia_CLF00147.asd.txt,Moricandia_CLF00147.asd,Moricandia_CLF00147.asd.sco,Jun14_MOR1GH_6a_.csv,91.7504476,5.1009,5.74,29.29,
134,MOR1 7,Moricandia arvensis MOR1,Wild,Sun,Mature,Managed,C3-C4,control (greenhouse),initial experiment June 2014,Dusseldorf_BG,Moricandia_CLF00141.asd.txt,Moricandia_CLF00141.asd,Moricandia_CLF00141.asd.sco,Jun14_MOR1GH_7a_.csv,91.47882736,5.7943,5.26,30.46,
135,MOR1 8,Moricandia arvensis MOR1,Wild,Sun,Mature,Managed,C3-C4,control (greenhouse),initial experiment June 2014,Dusseldorf_BG,Moricandia_CLF00135.asd.txt,Moricandia_CLF00135.asd,Moricandia_CLF00135.asd.sco,Jun14_MOR1GH_8a_.csv,90.63333801,5.9179,5.52,32.64,
136,MOR1 20,Moricandia arvensis MOR1,Wild,Sun,Mature,Managed,C3-C4,control (greenhouse),initial experiment June 2014,Dusseldorf_BG,Moricandia_CLF00159.asd.txt,Moricandia_CLF00159.asd,Moricandia_CLF00159.asd.sco,Jun14_MOR1GH_20a_.csv,93.4098482,4.3865,7.09,31.1,
137,MOR1_z1,Moricandia arvensis MOR1,Wild,Sun,Mature,Managed,C3-C4,control (greenhouse),initial experiment June 2014,Dusseldorf_BG,Moricandia_CLF00357.asd.txt,Moricandia_CLF00357.asd,Moricandia_CLF00357.asd.sco,Jun14_Mor1GH_z1_.csv,79.14902855,4.8539,5.74,27.84,
138,MOR1_z4,Moricandia arvensis MOR1,Wild,Sun,Mature,Managed,C3-C4,control (greenhouse),initial experiment June 2014,Dusseldorf_BG,Moricandia_CLF00363.asd.txt,Moricandia_CLF00363.asd,Moricandia_CLF00363.asd.sco,Jun14_Mor1GH_z4_.csv,78.19700171,8.848,3.77,33.36,
141,MOR1_14,Moricandia arvensis MOR1,Wild,Sun,Mature,Managed,C3-C4,control (CLF climate chamber),initial experiment June 2014,Dusseldorf_BG,Moricandia_CLF00315.asd.txt,Moricandia_CLF00315.asd,Moricandia_CLF00315.asd.sco,Jun14_Mor1_CLF14_.csv,81.58438873,9.1475,6.17,34.35,
142,MOR1_15,Moricandia arvensis MOR1,Wild,Sun,Mature,Managed,C3-C4,control (CLF climate chamber),initial experiment June 2014,Dusseldorf_BG,Moricandia_CLF00321.asd.txt,Moricandia_CLF00321.asd,Moricandia_CLF00321.asd.sco,Jun14_Mor1_CLF15_.csv,76.0170697,5.1987,4.1,37.49,
143,MOR1_9,Moricandia arvensis MOR1,Wild,Sun,Mature,Managed,C3-C4,control (CLF climate chamber),initial experiment June 2014,Dusseldorf_BG,Moricandia_CLF00327.asd.txt,Moricandia_CLF00327.asd,Moricandia_CLF00327.asd.sco,Jun14_Mor1_CLF9_.csv,81.35788262,6.6536,6.58,34.22,
144,10N_brassica_1,Brassica oleracea,Agricultural,Sun,Mature,Pot,C3,10%N,greenhouse August 2015,Dusseldorf_BG_Greenhouse,040815brassi00002.asd.txt,040815brassi00002.asd,040815brassi00002.asd.sco,040815_10N_B1_.csv,68.76033058,15.3527,2.42,37.22,-31.945595
145,10N_brassica_2,Brassica oleracea,Agricultural,Sun,Mature,Pot,C3,10%N,greenhouse August 2015,Dusseldorf_BG_Greenhouse,040815brassi00008.asd.txt,040815brassi00008.asd,040815brassi00008.asd.sco,040815_10N_B2_.csv,67.37513284,10.3757,3.59,37.21,-31.26276518
146,10N_brassica_3,Brassica oleracea,Agricultural,Sun,Mature,Pot,C3,10%N,greenhouse August 2015,Dusseldorf_BG_Greenhouse,040815brassi00014.asd.txt,040815brassi00014.asd,040815brassi00014.asd.sco,040815_10N_B3_.csv,69.39355654,10.7388,3.4,36.52,-31.53669219
147,10N_brassica_4,Brassica oleracea,Agricultural,Sun,Mature,Pot,C3,10%N,greenhouse August 2015,Dusseldorf_BG_Greenhouse,040815brassi00020.asd.txt,040815brassi00020.asd,040815brassi00020.asd.sco,040815_10N_B4_.csv,75.4789272,14.7298,2.47,36.31,-32.49635243
148,10N_brassica_5,Brassica oleracea,Agricultural,Sun,Mature,Pot,C3,10%N,greenhouse August 2015,Dusseldorf_BG_Greenhouse,040815brassi00027.asd.txt,040815brassi00027.asd,040815brassi00027.asd.sco,040815_10N_B5_.csv,77.98905609,16.8014,2.18,36.69,-32.29775637
149,10N_brassica_6,Brassica oleracea,Agricultural,Sun,Mature,Pot,C3,10%N,greenhouse August 2015,Dusseldorf_BG_Greenhouse,040815brassi00033.asd.txt,040815brassi00033.asd,040815brassi00033.asd.sco,040815_10N_B6_.csv,67.59688033,10.626,3.52,37.36,-32.00912336
150,10N_brassica_7,Brassica oleracea,Agricultural,Sun,Mature,Pot,C3,10%N,greenhouse August 2015,Dusseldorf_BG_Greenhouse,040815brassi00039.asd.txt,040815brassi00039.asd,040815brassi00039.asd.sco,040815_10N_B7_.csv,74.95502975,12.6324,2.82,35.68,-32.34267883
151,10N_brassica_9,Brassica oleracea,Agricultural,Sun,Mature,Pot,C3,10%N,greenhouse August 2015,Dusseldorf_BG_Greenhouse,040815brassi00051.asd.txt,040815brassi00051.asd,040815brassi00051.asd.sco,050815_10N_B9_.csv,66.46957849,7.4978,4.55,34.1,-31.95977105
152,10N_brassica_10,Brassica oleracea,Agricultural,Sun,Mature,Pot,C3,10%N,greenhouse August 2015,Dusseldorf_BG_Greenhouse,040815brassi00057.asd.txt,040815brassi00057.asd,040815brassi00057.asd.sco,050815_10N_B10_.csv,68.95070104,7.4095,4.97,36.83,-31.54760259
153,10N_brassica_11,Brassica oleracea,Agricultural,Sun,Mature,Pot,C3,10%N,greenhouse August 2015,Dusseldorf_BG_Greenhouse,040815brassi00063.asd.txt,040815brassi00063.asd,040815brassi00063.asd.sco,050815_10N_B11_.csv,73.25390916,10.0997,3.3,33.31,-32.84788776
154,10N_brassica_12,Brassica oleracea,Agricultural,Sun,Mature,Pot,C3,10%N,greenhouse August 2015,Dusseldorf_BG_Greenhouse,040815brassi00069.asd.txt,040815brassi00069.asd,040815brassi00069.asd.sco,050815_10N_B12_.csv,75.29411765,18.3917,1.86,34.18,-32.71622813
155,10N_brassica_13,Brassica oleracea,Agricultural,Sun,Mature,Pot,C3,10%N,greenhouse August 2015,Dusseldorf_BG_Greenhouse,040815brassi00075.asd.txt,040815brassi00075.asd,040815brassi00075.asd.sco,050815_10N_B13_.csv,76.20897522,12.2324,2.63,32.15,-32.65011616
156,10N_brassica_14,Brassica oleracea,Agricultural,Sun,Mature,Pot,C3,10%N,greenhouse August 2015,Dusseldorf_BG_Greenhouse,040815brassi00081.asd.txt,040815brassi00081.asd,040815brassi00081.asd.sco,050815_10N_B14_.csv,73.74410665,19.4817,1.89,36.85,-31.90573637
157,10N_brassica_15,Brassica oleracea,Agricultural,Sun,Mature,Pot,C3,10%N,greenhouse August 2015,Dusseldorf_BG_Greenhouse,040815brassi00087.asd.txt,040815brassi00087.asd,040815brassi00087.asd.sco,050815_10N_B15_.csv,72.79063014,12.3443,2.89,35.73,-32.18272104
158,1N_brassica_16,Brassica oleracea,Agricultural,Sun,Mature,Pot,C3,1%N,greenhouse August 2015,Dusseldorf_BG_Greenhouse,040815brassi00093.asd.txt,040815brassi00093.asd,040815brassi00093.asd.sco,050815_10N_B16_.csv,71,10.5602,3.12,32.98,-32.75669949
159,Dvim_1,Diplotaxis viminea,Wild,Sun,Mature,Pot,C3,control (100% N),greenhouse August 2015,Dusseldorf_BG_Greenhouse,040815brassi00099.asd.txt,040815brassi00099.asd,040815brassi00099.asd.sco,050815_Dvim1_.csv,,,,,
160,Dvim_2,Diplotaxis viminea,Wild,Sun,Mature,Pot,C3,control (100% N),greenhouse August 2015,Dusseldorf_BG_Greenhouse,040815brassi00105.asd.txt,040815brassi00105.asd,040815brassi00105.asd.sco,060815_Dvim2_.csv,88.33333333,8.5876,4.39,37.66,-32.03654523
161,Dvim_3,Diplotaxis viminea,Wild,Sun,Mature,Pot,C3,control (100% N),greenhouse August 2015,Dusseldorf_BG_Greenhouse,040815brassi00111.asd.txt,040815brassi00111.asd,040815brassi00111.asd.sco,060815_Dvim3_.csv,85.84070796,6.7195,5.82,39.08,-32.94781384
162,Dvim_4,Diplotaxis viminea,Wild,Sun,Mature,Pot,C3,control (100% N),greenhouse August 2015,Dusseldorf_BG_Greenhouse,040815brassi00117.asd.txt,040815brassi00117.asd,040815brassi00117.asd.sco,060815_Dvim4_.csv,83.17107093,6.6085,6.06,40.03,-32.53939956
163,Dvim_5,Diplotaxis viminea,Wild,Sun,Mature,Pot,C3,control (100% N),greenhouse August 2015,Dusseldorf_BG_Greenhouse,040815brassi00123.asd.txt,040815brassi00123.asd,040815brassi00123.asd.sco,060815_Dvim5_.csv,89.27835052,7.2979,5.42,39.54,-30.57664657
164,Dvim_6,Diplotaxis viminea,Wild,Sun,Mature,Pot,C3,control (100% N),greenhouse August 2015,Dusseldorf_BG_Greenhouse,040815brassi00129.asd.txt,040815brassi00129.asd,040815brassi00129.asd.sco,060815_Dvim6_.csv,86.81438431,6.8402,6.02,41.16,-30.55164966
165,Dvim_7,Diplotaxis viminea,Wild,Sun,Mature,Pot,C3,control (100% N),greenhouse August 2015,Dusseldorf_BG_Greenhouse,040815brassi00135.asd.txt,040815brassi00135.asd,040815brassi00135.asd.sco,060815_Dvim7_.csv,85.66386555,5.6718,6.25,35.48,-31.95965811
166,Dmur_1,Diplotaxis muralis,Wild,Sun,Mature,Pot,C3-C4,control (100% N),greenhouse August 2015,Dusseldorf_BG_Greenhouse,040815brassi00141.asd.txt,040815brassi00141.asd,040815brassi00141.asd.sco,060815_Dmur1_.csv,90.36734694,6.9405,5.74,39.82,-31.02198726
167,Dmur_2,Diplotaxis muralis,Wild,Sun,Mature,Pot,C3-C4,control (100% N),greenhouse August 2015,Dusseldorf_BG_Greenhouse,040815brassi00147.asd.txt,040815brassi00147.asd,040815brassi00147.asd.sco,060815_Dmur2_.csv,90.83536091,9.783,4.03,39.4,-30.51106333
168,Dmur_3,Diplotaxis muralis,Wild,Sun,Mature,Pot,C3-C4,control (100% N),greenhouse August 2015,Dusseldorf_BG_Greenhouse,040815brassi00153.asd.txt,040815brassi00153.asd,040815brassi00153.asd.sco,100815_Dmur3_.csv,92.7482679,7.5399,5.12,38.63,-30.3065263
169,Dmur_4,Diplotaxis muralis,Wild,Sun,Mature,Pot,C3-C4,control (100% N),greenhouse August 2015,Dusseldorf_BG_Greenhouse,040815brassi00159.asd.txt,040815brassi00159.asd,040815brassi00159.asd.sco,100815_Dmur4_.csv,86.28746755,7.4777,5.33,39.88,-31.38738579
170,Dmur_5,Diplotaxis muralis,Wild,Sun,Mature,Pot,C3-C4,control (100% N),greenhouse August 2015,Dusseldorf_BG_Greenhouse,040815brassi00165.asd.txt,040815brassi00165.asd,040815brassi00165.asd.sco,100815_Dmur5_.csv,79.69835285,11.0223,3.44,37.87,-30.80814284
171,Dmur_6,Diplotaxis muralis,Wild,Sun,Mature,Pot,C3-C4,control (100% N),greenhouse August 2015,Dusseldorf_BG_Greenhouse,040815brassi00171.asd.txt,040815brassi00171.asd,040815brassi00171.asd.sco,100815_Dmur6_.csv,88.38166511,9.4487,4.19,39.56,-29.75243415
172,Dten_1,Diplotaxis tenuifolia,Wild,Sun,Mature,Pot,C3-C4,control (100% N),greenhouse August 2015,Dusseldorf_BG_Greenhouse,040815brassi00177.asd.txt,040815brassi00177.asd,040815brassi00177.asd.sco,100815_Dten1_.csv,90.14173895,8.2406,4.49,36.99,-30.69530456
173,Dten_2,Diplotaxis tenuifolia,Wild,Sun,Mature,Pot,C3-C4,control (100% N),greenhouse August 2015,Dusseldorf_BG_Greenhouse,040815brassi00183.asd.txt,040815brassi00183.asd,040815brassi00183.asd.sco,100815_Dten2_.csv,86.56979304,11.5544,3.44,39.79,-30.5707992
174,Dten_3,Diplotaxis tenuifolia,Wild,Sun,Mature,Pot,C3-C4,control (100% N),greenhouse August 2015,Dusseldorf_BG_Greenhouse,040815brassi00189.asd.txt,040815brassi00189.asd,040815brassi00189.asd.sco,100815_Dten3_.csv,68.41097639,7.8423,4.46,34.99,-32.52108144
175,Dten_4,Diplotaxis tenuifolia,Wild,Sun,Mature,Pot,C3-C4,control (100% N),greenhouse August 2015,Dusseldorf_BG_Greenhouse,040815brassi00195.asd.txt,040815brassi00195.asd,040815brassi00195.asd.sco,100815_Dten4_.csv,88.93617021,11.923,3.27,39.03,-31.87361187
176,Dten_5,Diplotaxis tenuifolia,Wild,Sun,Mature,Pot,C3-C4,control (100% N),greenhouse August 2015,Dusseldorf_BG_Greenhouse,040815brassi00201.asd.txt,040815brassi00201.asd,040815brassi00201.asd.sco,100815_Dten5_.csv,89.08005119,8.8525,4,35.44,-31.30066184
177,Dten_6,Diplotaxis tenuifolia,Wild,Sun,Mature,Pot,C3-C4,control (100% N),greenhouse August 2015,Dusseldorf_BG_Greenhouse,040815brassi00210.asd.txt,040815brassi00210.asd,040815brassi00210.asd.sco,110815_Dten6_.csv,92.19282584,12.0401,3.18,38.28,-31.89433999
178,30N_brassica1,Brassica oleracea,Agricultural,Sun,Mature,Pot,C3,30% N,greenhouse August 2015,Dusseldorf_BG_Greenhouse,040815brassi00216.asd.txt,040815brassi00216.asd,040815brassi00216.asd.sco,110815_30N_B1_.csv,78.72216279,8.2822,4.46,36.91,-32.9548789
179,30N_brassica2,Brassica oleracea,Agricultural,Sun,Mature,Pot,C3,30% N,greenhouse August 2015,Dusseldorf_BG_Greenhouse,040815brassi00222.asd.txt,040815brassi00222.asd,040815brassi00222.asd.sco,110815_30N_B2_.csv,67.08526107,7.7654,5.06,39.27,-32.53350248
180,30N_brassica3,Brassica oleracea,Agricultural,Sun,Mature,Pot,C3,30% N,greenhouse August 2015,Dusseldorf_BG_Greenhouse,040815brassi00228.asd.txt,040815brassi00228.asd,040815brassi00228.asd.sco,110815_30N_B3_.csv,72.80314188,8.4282,4.39,36.96,-32.33571294
181,30N_brassica4,Brassica oleracea,Agricultural,Sun,Mature,Pot,C3,30% N,greenhouse August 2015,Dusseldorf_BG_Greenhouse,040815brassi00234.asd.txt,040815brassi00234.asd,040815brassi00234.asd.sco,110815_30N_B4_.csv,72.80593325,7.9952,4.87,38.93,-32.16302744
182,30N_brassica5,Brassica oleracea,Agricultural,Sun,Mature,Pot,C3,30% N,greenhouse August 2015,Dusseldorf_BG_Greenhouse,040815brassi00240.asd.txt,040815brassi00240.asd,040815brassi00240.asd.sco,110815_30N_B5_.csv,80.98614958,9.9145,3.79,37.56,-31.65485092
183,30N_brassica6,Brassica oleracea,Agricultural,Sun,Mature,Pot,C3,30% N,greenhouse August 2015,Dusseldorf_BG_Greenhouse,040815brassi00246.asd.txt,040815brassi00246.asd,040815brassi00246.asd.sco,110815_30N_B6_.csv,54.3,7.2692,5.73,41.64,-31.53603396
184,30N_brassica7,Brassica oleracea,Agricultural,Sun,Mature,Pot,C3,30% N,greenhouse August 2015,Dusseldorf_BG_Greenhouse,040815brassi00252.asd.txt,040815brassi00252.asd,040815brassi00252.asd.sco,110815_30N_B7_.csv,89.48021508,8.2773,4.48,37.08,-32.02649428
185,30N_brassica8,Brassica oleracea,Agricultural,Sun,Mature,Pot,C3,30% N,greenhouse August 2015,Dusseldorf_BG_Greenhouse,040815brassi00258.asd.txt,040815brassi00258.asd,040815brassi00258.asd.sco,110815_30N_B8_.csv,77.52574792,9.0307,4.18,37.73,-31.57338215
186,30N_brassica9,Brassica oleracea,Agricultural,Sun,Mature,Pot,C3,30% N,greenhouse August 2015,Dusseldorf_BG_Greenhouse,040815brassi00264.asd.txt,040815brassi00264.asd,040815brassi00264.asd.sco,110815_30N_B9_.csv,71.53228298,7.6391,5.31,40.57,-31.51855692
187,30N_brassica10,Brassica oleracea,Agricultural,Sun,Mature,Pot,C3,30% N,greenhouse August 2015,Dusseldorf_BG_Greenhouse,040815brassi00270.asd.txt,040815brassi00270.asd,040815brassi00270.asd.sco,120815_30N_B10_.csv,75.0324025,12.2781,2.92,35.89,-32.96205386
188,30N_brassica11,Brassica oleracea,Agricultural,Sun,Mature,Pot,C3,30% N,greenhouse August 2015,Dusseldorf_BG_Greenhouse,040815brassi00276.asd.txt,040815brassi00276.asd,040815brassi00276.asd.sco,120815_30N_B11_.csv,74.90056234,10.1819,3.67,37.33,-32.66195859
189,30N_brassica12,Brassica oleracea,Agricultural,Sun,Mature,Pot,C3,30% N,greenhouse August 2015,Dusseldorf_BG_Greenhouse,040815brassi00282.asd.txt,040815brassi00282.asd,040815brassi00282.asd.sco,120815_30N_B12_.csv,73.46203047,9.5558,3.97,37.9,-32.19731495
190,30N_brassica13,Brassica oleracea,Agricultural,Sun,Mature,Pot,C3,30% N,greenhouse August 2015,Dusseldorf_BG_Greenhouse,040815brassi00288.asd.txt,040815brassi00288.asd,040815brassi00288.asd.sco,120815_30N_B13_.csv,64.61994495,7.5611,5.01,37.86,-31.84778056
191,30N_brassica14,Brassica oleracea,Agricultural,Sun,Mature,Pot,C3,30% N,greenhouse August 2015,Dusseldorf_BG_Greenhouse,040815brassi00294.asd.txt,040815brassi00294.asd,040815brassi00294.asd.sco,120815_30N_B14_.csv,74.79618898,9.246,3.42,31.62,-32.92891003
192,30N_brassica15,Brassica oleracea,Agricultural,Sun,Mature,Pot,C3,30% N,greenhouse August 2015,Dusseldorf_BG_Greenhouse,040815brassi00300.asd.txt,040815brassi00300.asd,040815brassi00300.asd.sco,120815_30N_B15_.csv,72.71924011,8.4166,4.48,37.71,-32.37690076
193,30N_brassica16,Brassica oleracea,Agricultural,Sun,Mature,Pot,C3,30% N,greenhouse August 2015,Dusseldorf_BG_Greenhouse,040815brassi00306.asd.txt,040815brassi00306.asd,040815brassi00306.asd.sco,120815_30N_B16_.csv,71.59684274,7.5443,5.07,38.25,-32.45319387
194,30N_brassica17,Brassica oleracea,Agricultural,Sun,Mature,Pot,C3,30% N,greenhouse August 2015,Dusseldorf_BG_Greenhouse,040815brassi00312.asd.txt,040815brassi00312.asd,040815brassi00312.asd.sco,120815_30N_B17_.csv,62.14778087,5.9821,6.57,39.31,-31.43014139
195,30N_brassica18,Brassica oleracea,Agricultural,Sun,Mature,Pot,C3,30% N,greenhouse August 2015,Dusseldorf_BG_Greenhouse,040815brassi00318.asd.txt,040815brassi00318.asd,040815brassi00318.asd.sco,120815_30N_B18_.csv,68.80781624,7.3378,4,29.37,-32.5459717
196,30N_brassica19,Brassica oleracea,Agricultural,Sun,Mature,Pot,C3,30% N,greenhouse August 2015,Dusseldorf_BG_Greenhouse,040815brassi00324.asd.txt,040815brassi00324.asd,040815brassi00324.asd.sco,120815_30N_B19_.csv,64.75392448,6.9304,5.06,35.05,-31.91586859
197,30N_brassica20,Brassica oleracea,Agricultural,Sun,Mature,Pot,C3,30% N,greenhouse August 2015,Dusseldorf_BG_Greenhouse,040815brassi00330.asd.txt,040815brassi00330.asd,040815brassi00330.asd.sco,120815_30N_B20_.csv,70.83243476,6.5617,5.08,33.36,-32.24658821
198,30N_brassica21,Brassica oleracea,Agricultural,Sun,Mature,Pot,C3,30% N,greenhouse August 2015,Dusseldorf_BG_Greenhouse,040815brassi00336.asd.txt,040815brassi00336.asd,040815brassi00336.asd.sco,120815_30N_B21_.csv,65.38129186,5.3881,6.65,35.83,-31.87756175
199,30N_brassica22,Brassica oleracea,Agricultural,Sun,Mature,Pot,C3,30% N,greenhouse August 2015,Dusseldorf_BG_Greenhouse,040815brassi00342.asd.txt,040815brassi00342.asd,040815brassi00342.asd.sco,130815_30B_B22_.csv,65.72438163,5.0556,7.64,38.6,-31.30683165
200,50N_brassica1,Brassica oleracea,Agricultural,Sun,Mature,Pot,C3,50% N,greenhouse August 2015,Dusseldorf_BG_Greenhouse,040815brassi00348.asd.txt,040815brassi00348.asd,040815brassi00348.asd.sco,130815_50N_B1_.csv,73.75296912,6.8806,5.11,35.13,-31.93961308
201,50N_brassica2,Brassica oleracea,Agricultural,Sun,Mature,Pot,C3,50% N,greenhouse August 2015,Dusseldorf_BG_Greenhouse,040815brassi00354.asd.txt,040815brassi00354.asd,040815brassi00354.asd.sco,130815_50N_B2_.csv,75.97319719,5.945,5.97,35.48,-31.3413435
202,50N_brassica3,Brassica oleracea,Agricultural,Sun,Mature,Pot,C3,50% N,greenhouse August 2015,Dusseldorf_BG_Greenhouse,040815brassi00360.asd.txt,040815brassi00360.asd,040815brassi00360.asd.sco,130815_50N_B3_.csv,76.11640743,5.0631,7.22,36.56,-31.74556603
203,50N_brassica4,Brassica oleracea,Agricultural,Sun,Mature,Pot,C3,50% N,greenhouse August 2015,Dusseldorf_BG_Greenhouse,040815brassi00366.asd.txt,040815brassi00366.asd,040815brassi00366.asd.sco,130815_50N_B4_.csv,67.64899934,5.4372,7.16,38.93,-30.90989329
204,50N_brassica5,Brassica oleracea,Agricultural,Sun,Mature,Pot,C3,50% N,greenhouse August 2015,Dusseldorf_BG_Greenhouse,040815brassi00372.asd.txt,040815brassi00372.asd,040815brassi00372.asd.sco,130815_50N_B5_.csv,79.19217855,8.8343,3.78,33.42,-32.39039768
205,50N_brassica7,Brassica oleracea,Agricultural,Sun,Mature,Pot,C3,50% N,greenhouse August 2015,Dusseldorf_BG_Greenhouse,040815brassi00384.asd.txt,040815brassi00384.asd,040815brassi00384.asd.sco,130815_50N_B7_.csv,76.41341931,7.1183,5.18,36.88,-31.5192578
206,50N_brassica8,Brassica oleracea,Agricultural,Sun,Mature,Pot,C3,50% N,greenhouse August 2015,Dusseldorf_BG_Greenhouse,040815brassi00390.asd.txt,040815brassi00390.asd,040815brassi00390.asd.sco,130815_50N_B8_.csv,80.52459755,7.2564,5.27,38.23,-31.30930284
207,50N_brassica9,Brassica oleracea,Agricultural,Sun,Mature,Pot,C3,50% N,greenhouse August 2015,Dusseldorf_BG_Greenhouse,040815brassi00396.asd.txt,040815brassi00396.asd,040815brassi00396.asd.sco,130815_50N_B9_.csv,86.29652734,12.0052,2.68,32.13,-32.13263691
208,50N_brassica10,Brassica oleracea,Agricultural,Sun,Mature,Pot,C3,50% N,greenhouse August 2015,Dusseldorf_BG_Greenhouse,040815brassi00402.asd.txt,040815brassi00402.asd,040815brassi00402.asd.sco,130815_50N_B10_.csv,85.13994421,10.9094,3.34,36.48,-30.77912989
209,50N_brassica11,Brassica oleracea,Agricultural,Sun,Mature,Pot,C3,50% N,greenhouse August 2015,Dusseldorf_BG_Greenhouse,040815brassi00408.asd.txt,040815brassi00408.asd,040815brassi00408.asd.sco,140815_50N_B11_.csv,79.01865576,8.6069,4.41,37.94,-31.19247699
210,50N_brassica12,Brassica oleracea,Agricultural,Sun,Mature,Pot,C3,50% N,greenhouse August 2015,Dusseldorf_BG_Greenhouse,040815brassi00414.asd.txt,040815brassi00414.asd,040815brassi00414.asd.sco,140815_50N_B12_.csv,83.91202103,7.7252,4.96,38.31,-31.19102992
211,50N_brassica13,Brassica oleracea,Agricultural,Sun,Mature,Pot,C3,50% N,greenhouse August 2015,Dusseldorf_BG_Greenhouse,040815brassi00420.asd.txt,040815brassi00420.asd,040815brassi00420.asd.sco,140815_50N_B13_.csv,72.13291617,6.6272,6.25,41.43,-30.49885163
212,50N_brassica14,Brassica oleracea,Agricultural,Sun,Mature,Pot,C3,50% N,greenhouse August 2015,Dusseldorf_BG_Greenhouse,040815brassi00426.asd.txt,040815brassi00426.asd,040815brassi00426.asd.sco,140815_50N_B14_.csv,73.68964869,9.1458,3.92,35.87,-32.02217951
213,50N_brassica15,Brassica oleracea,Agricultural,Sun,Mature,Pot,C3,50% N,greenhouse August 2015,Dusseldorf_BG_Greenhouse,040815brassi00432.asd.txt,040815brassi00432.asd,040815brassi00432.asd.sco,140815_50N_B15_.csv,74.30950875,8.6407,4.34,37.5,-30.97612239
214,50N_brassica16,Brassica oleracea,Agricultural,Sun,Mature,Pot,C3,50% N,greenhouse August 2015,Dusseldorf_BG_Greenhouse,040815brassi00438.asd.txt,040815brassi00438.asd,040815brassi00438.asd.sco,140815_50N_B16_.csv,73.76977917,7.9121,4.64,36.69,-31.65665705
215,50N_brassica17,Brassica oleracea,Agricultural,Sun,Mature,Pot,C3,50% N,greenhouse August 2015,Dusseldorf_BG_Greenhouse,040815brassi00444.asd.txt,040815brassi00444.asd,040815brassi00444.asd.sco,140815_50N_B17_.csv,72.80620416,10.2581,3.22,33.01,-31.47441656
216,50N_brassica18,Brassica oleracea,Agricultural,Sun,Mature,Pot,C3,50% N,greenhouse August 2015,Dusseldorf_BG_Greenhouse,040815brassi00450.asd.txt,040815brassi00450.asd,040815brassi00450.asd.sco,140815_50N_B18_.csv,69.75068618,9.4025,3.94,37.04,-32.01946096
217,50N_brassica19,Brassica oleracea,Agricultural,Sun,Mature,Pot,C3,50% N,greenhouse August 2015,Dusseldorf_BG_Greenhouse,040815brassi00456.asd.txt,040815brassi00456.asd,040815brassi00456.asd.sco,140815_50N_B19_.csv,73.6981206,8.8294,4.16,36.76,-31.09738296
218,50N_brassica20,Brassica oleracea,Agricultural,Sun,Mature,Pot,C3,50% N,greenhouse August 2015,Dusseldorf_BG_Greenhouse,040815brassi00462.asd.txt,040815brassi00462.asd,040815brassi00462.asd.sco,140815_50N_B20_.csv,66.23931624,8.4074,4.51,37.9,-31.01683729
219,50N_brassica21,Brassica oleracea,Agricultural,Sun,Mature,Pot,C3,50% N,greenhouse August 2015,Dusseldorf_BG_Greenhouse,040815brassi00468.asd.txt,040815brassi00468.asd,040815brassi00468.asd.sco,160815_50N_B21_.csv,70.07914482,8.0629,4.13,33.26,-31.46721896
220,50N_brassica22,Brassica oleracea,Agricultural,Sun,Mature,Pot,C3,50% N,greenhouse August 2015,Dusseldorf_BG_Greenhouse,040815brassi00474.asd.txt,040815brassi00474.asd,040815brassi00474.asd.sco,160815_50N_B22_.csv,66.33999246,7.4884,4.73,35.44,-32.25124248
221,50N_brassica23,Brassica oleracea,Agricultural,Sun,Mature,Pot,C3,50% N,greenhouse August 2015,Dusseldorf_BG_Greenhouse,040815brassi00480.asd.txt,040815brassi00480.asd,040815brassi00480.asd.sco,160815_50N_B23_.csv,66.78688155,6.9221,5.21,36.03,-31.72917944
222,50N_brassica24,Brassica oleracea,Agricultural,Sun,Mature,Pot,C3,50% N,greenhouse August 2015,Dusseldorf_BG_Greenhouse,040815brassi00486.asd.txt,040815brassi00486.asd,040815brassi00486.asd.sco,160815_50N_B24_.csv,58.98224852,5.4821,6.98,38.25,-30.6845541
223,100N_brassica1,Brassica oleracea,Agricultural,Sun,Mature,Pot,C3,control (100% N),greenhouse August 2015,Dusseldorf_BG_Greenhouse,040815brassi00492.asd.txt,040815brassi00492.asd,040815brassi00492.asd.sco,160815_100N_B1_.csv,84.63430421,7.724,4.9,37.85,-31.5147145
224,100N_brassica2,Brassica oleracea,Agricultural,Sun,Mature,Pot,C3,control (100% N),greenhouse August 2015,Dusseldorf_BG_Greenhouse,040815brassi00498.asd.txt,040815brassi00498.asd,040815brassi00498.asd.sco,160815_100N_B2_.csv,83.59004739,6.8138,5.31,36.18,-31.99865703
225,100N_brassica3,Brassica oleracea,Agricultural,Sun,Mature,Pot,C3,control (100% N),greenhouse August 2015,Dusseldorf_BG_Greenhouse,040815brassi00504.asd.txt,040815brassi00504.asd,040815brassi00504.asd.sco,170815_100N_B3_.csv,79.09536785,7.1191,5.6,39.85,-31.94932138
226,100N_brassica4,Brassica oleracea,Agricultural,Sun,Mature,Pot,C3,control (100% N),greenhouse August 2015,Dusseldorf_BG_Greenhouse,040815brassi00510.asd.txt,040815brassi00510.asd,040815brassi00510.asd.sco,170815_100N_B4_.csv,78.90772128,7.6898,4.65,35.78,-32.21076685
227,100N_brassica5,Brassica oleracea,Agricultural,Sun,Mature,Pot,C3,control (100% N),greenhouse August 2015,Dusseldorf_BG_Greenhouse,040815brassi00516.asd.txt,040815brassi00516.asd,040815brassi00516.asd.sco,170815_100N_B5_.csv,81.26207341,8.2986,3.9,32.34,-32.21566934
228,100N_brassica6,Brassica oleracea,Agricultural,Sun,Mature,Pot,C3,control (100% N),greenhouse August 2015,Dusseldorf_BG_Greenhouse,040815brassi00522.asd.txt,040815brassi00522.asd,040815brassi00522.asd.sco,170815_100N_B6_.csv,81.41583958,6.8604,5.52,37.84,-32.40847689
229,100N_brassica7,Brassica oleracea,Agricultural,Sun,Mature,Pot,C3,control (100% N),greenhouse August 2015,Dusseldorf_BG_Greenhouse,040815brassi00528.asd.txt,040815brassi00528.asd,040815brassi00528.asd.sco,170815_100N_B7_.csv,78.33152763,9.8721,3.61,35.67,-31.62744564
230,100N_brassica8,Brassica oleracea,Agricultural,Sun,Mature,Pot,C3,control (100% N),greenhouse August 2015,Dusseldorf_BG_Greenhouse,040815brassi00534.asd.txt,040815brassi00534.asd,040815brassi00534.asd.sco,170815_100N_B8_.csv,80.27265437,7.864,4.88,38.41,-31.07457961
231,100N_brassica9,Brassica oleracea,Agricultural,Sun,Mature,Pot,C3,control (100% N),greenhouse August 2015,Dusseldorf_BG_Greenhouse,040815brassi00540.asd.txt,040815brassi00540.asd,040815brassi00540.asd.sco,170815_100N_B9_.csv,79.07934802,8.8169,4,35.28,-30.97260513
232,100N_brassica10,Brassica oleracea,Agricultural,Sun,Mature,Pot,C3,control (100% N),greenhouse August 2015,Dusseldorf_BG_Greenhouse,040815brassi00546.asd.txt,040815brassi00546.asd,040815brassi00546.asd.sco,170815_100N_B10_.csv,83.09155767,8.067,4.66,37.61,-30.83386927
233,100N_brassica11,Brassica oleracea,Agricultural,Sun,Mature,Pot,C3,control (100% N),greenhouse August 2015,Dusseldorf_BG_Greenhouse,040815brassi00552.asd.txt,040815brassi00552.asd,040815brassi00552.asd.sco,170815_100N_B11_.csv,77.56475627,6.639,5.79,38.47,-30.61027506
234,100N_brassica12,Brassica oleracea,Agricultural,Sun,Mature,Pot,C3,control (100% N),greenhouse August 2015,Dusseldorf_BG_Greenhouse,040815brassi00558.asd.txt,040815brassi00558.asd,040815brassi00558.asd.sco,170815_100N_B12_.csv,87.16915995,8.8986,3.84,34.15,-32.02405763
235,100N_brassica13,Brassica oleracea,Agricultural,Sun,Mature,Pot,C3,control (100% N),greenhouse August 2015,Dusseldorf_BG_Greenhouse,040815brassi00564.asd.txt,040815brassi00564.asd,040815brassi00564.asd.sco,170815_100N_B13_.csv,90.04529886,8.8056,4.47,39.36,-31.25219634
236,100N_brassica14,Brassica oleracea,Agricultural,Sun,Mature,Pot,C3,control (100% N),greenhouse August 2015,Dusseldorf_BG_Greenhouse,040815brassi00570.asd.txt,040815brassi00570.asd,040815brassi00570.asd.sco,170815_100N_B14_.csv,86.42969984,7.7623,5.15,39.99,-32.32751103
237,100N_brassica15,Brassica oleracea,Agricultural,Sun,Mature,Pot,C3,control (100% N),greenhouse August 2015,Dusseldorf_BG_Greenhouse,040815brassi00576.asd.txt,040815brassi00576.asd,040815brassi00576.asd.sco,190815_100N_B15_.csv,67.72959184,5.6122,6.85,38.46,-30.33627057
238,100N_brassica16,Brassica oleracea,Agricultural,Sun,Mature,Pot,C3,control (100% N),greenhouse August 2015,Dusseldorf_BG_Greenhouse,040815brassi00582.asd.txt,040815brassi00582.asd,040815brassi00582.asd.sco,190815_100N_B16_.csv,73.44907407,8.1238,4.12,33.49,-31.40979702
239,100N_brassica17,Brassica oleracea,Agricultural,Sun,Mature,Pot,C3,control (100% N),greenhouse August 2015,Dusseldorf_BG_Greenhouse,040815brassi00588.asd.txt,040815brassi00588.asd,040815brassi00588.asd.sco,190815_100N_B17_.csv,76.97547684,7.5629,4.82,36.47,-31.55651468
240,100N_brassica18,Brassica oleracea,Agricultural,Sun,Mature,Pot,C3,control (100% N),greenhouse August 2015,Dusseldorf_BG_Greenhouse,040815brassi00594.asd.txt,040815brassi00594.asd,040815brassi00594.asd.sco,190815_100N_B18_.csv,76.68967402,7.2878,4.91,35.78,-31.22020599
241,100N_brassica19,Brassica oleracea,Agricultural,Sun,Mature,Pot,C3,control (100% N),greenhouse August 2015,Dusseldorf_BG_Greenhouse,040815brassi00600.asd.txt,040815brassi00600.asd,040815brassi00600.asd.sco,190815_100N_B19_.csv,78.04262833,7.0334,5.62,39.52,-31.62065068
242,100N_brassica20,Brassica oleracea,Agricultural,Sun,Mature,Pot,C3,control (100% N),greenhouse August 2015,Dusseldorf_BG_Greenhouse,040815brassi00606.asd.txt,040815brassi00606.asd,040815brassi00606.asd.sco,190815_100N_B20_.csv,70.63238189,5.7395,7.07,40.59,-31.12473002
243,100N_brassica21,Brassica oleracea,Agricultural,Sun,Mature,Pot,C3,control (100% N),greenhouse August 2015,Dusseldorf_BG_Greenhouse,040815brassi00612.asd.txt,040815brassi00612.asd,040815brassi00612.asd.sco,190815_100N_B21_.csv,69.62513782,5.2367,8.34,43.67,-30.20786246
244,100N_brassica22,Brassica oleracea,Agricultural,Sun,Mature,Pot,C3,control (100% N),greenhouse August 2015,Dusseldorf_BG_Greenhouse,040815brassi00618.asd.txt,040815brassi00618.asd,040815brassi00618.asd.sco,190815_100N_B22_.csv,78.46615039,7.4884,5.13,38.42,-32.58433216
245,100N_brassica23,Brassica oleracea,Agricultural,Sun,Mature,Pot,C3,control (100% N),greenhouse August 2015,Dusseldorf_BG_Greenhouse,040815brassi00624.asd.txt,040815brassi00624.asd,040815brassi00624.asd.sco,190815_100N_B23_.csv,77.46270356,6.6809,5.87,39.19,-32.5504436
246,100N_brassica24,Brassica oleracea,Agricultural,Sun,Mature,Pot,C3,control (100% N),greenhouse August 2015,Dusseldorf_BG_Greenhouse,040815brassi00630.asd.txt,040815brassi00630.asd,040815brassi00630.asd.sco,190815_100N_B24_.csv,74.09645836,5.8053,6.61,38.35,-32.53728108
247,100N_brassica25,Brassica oleracea,Agricultural,Sun,Mature,Pot,C3,control (100% N),greenhouse August 2015,Dusseldorf_BG_Greenhouse,040815brassi00636.asd.txt,040815brassi00636.asd,040815brassi00636.asd.sco,190815_100N_B25_.csv,73.48212892,5.268,7.73,40.7,-31.64131249
248,100N_brassica26,Brassica oleracea,Agricultural,Sun,Mature,Pot,C3,control (100% N),greenhouse August 2015,Dusseldorf_BG_Greenhouse,040815brassi00642.asd.txt,040815brassi00642.asd,040815brassi00642.asd.sco,190815_100N_B26_.csv,85.07650916,10.4124,3.4,35.43,-31.02851542
249,100N_brassica27,Brassica oleracea,Agricultural,Sun,Mature,Pot,C3,control (100% N),greenhouse August 2015,Dusseldorf_BG_Greenhouse,040815brassi00648.asd.txt,040815brassi00648.asd,040815brassi00648.asd.sco,190815_100N_B27_.csv,84.23854115,9.1338,4.2,38.38,-31.12489359
250,100N_brassica28,Brassica oleracea,Agricultural,Sun,Mature,Pot,C3,control (100% N),greenhouse August 2015,Dusseldorf_BG_Greenhouse,040815brassi00654.asd.txt,040815brassi00654.asd,040815brassi00654.asd.sco,190815_100N_B28_.csv,90.15169952,10.9695,3.4,37.35,-29.93033521
251,100N_brassica29,Brassica oleracea,Agricultural,Sun,Mature,Pot,C3,control (100% N),greenhouse August 2015,Dusseldorf_BG_Greenhouse,040815brassi00660.asd.txt,040815brassi00660.asd,040815brassi00660.asd.sco,190815_100N_B29_.csv,84.73709834,8.6744,4.46,38.73,-31.56539059
252,100N_brassica30,Brassica oleracea,Agricultural,Sun,Mature,Pot,C3,control (100% N),greenhouse August 2015,Dusseldorf_BG_Greenhouse,040815brassi00666.asd.txt,040815brassi00666.asd,040815brassi00666.asd.sco,190815_100N_B30_.csv,83.05725403,7.8871,4.98,39.28,-30.98043311
253,100N_brassica31,Brassica oleracea,Agricultural,Sun,Mature,Pot,C3,control (100% N),greenhouse August 2015,Dusseldorf_BG_Greenhouse,040815brassi00672.asd.txt,040815brassi00672.asd,040815brassi00672.asd.sco,190815_100N_B31_.csv,90.46177139,9.9896,3.81,38.05,-30.6367863
254,100N_brassica32,Brassica oleracea,Agricultural,Sun,Mature,Pot,C3,control (100% N),greenhouse August 2015,Dusseldorf_BG_Greenhouse,040815brassi00678.asd.txt,040815brassi00678.asd,040815brassi00678.asd.sco,190815_100N_B32_.csv,79.38911369,6.9329,6.04,41.87,-30.98631716
255,100N_brassica33,Brassica oleracea,Agricultural,Sun,Mature,Pot,C3,control (100% N),greenhouse August 2015,Dusseldorf_BG_Greenhouse,040815brassi00684.asd.txt,040815brassi00684.asd,040815brassi00684.asd.sco,190815_100N_B33_.csv,84.91183613,8.5491,4.45,38.08,-31.44978844
256,100N_brassica34,Brassica oleracea,Agricultural,Sun,Mature,Pot,C3,control (100% N),greenhouse August 2015,Dusseldorf_BG_Greenhouse,040815brassi00690.asd.txt,040815brassi00690.asd,040815brassi00690.asd.sco,190815_100N_B34_.csv,79.64441766,5.9229,7.33,43.39,-29.69589384
257,MmOLV_1,Moricandia moricandioides OLVERA,Wild,Sun,Mature,Pot,C3,control (100% N),greenhouse August 2015,Dusseldorf_BG_Greenhouse,040815brassi00696.asd.txt,040815brassi00696.asd,040815brassi00696.asd.sco,280815_MmOLV1_.csv,84.78388422,21.2955,1.97,41.92,-32.20932515
258,MmBAZ_2,Moricandia moricandioides BAZA,Wild,Sun,Mature,Pot,C3,control (100% N),greenhouse August 2015,Dusseldorf_BG_Greenhouse,040815brassi00705.asd.txt,040815brassi00705.asd,040815brassi00705.asd.sco,280815_MmBAZ_2_.csv,87.88409981,11.7512,3.2,37.58,-32.8043867
259,MmBAZ_3,Moricandia moricandioides BAZA,Wild,Sun,Mature,Pot,C3,control (100% N),greenhouse August 2015,Dusseldorf_BG_Greenhouse,040815brassi00711.asd.txt,040815brassi00711.asd,040815brassi00711.asd.sco,290815_MmBAZ_3_.csv,86.40169377,11.9697,2.95,35.34,-31.89177129
260,MmOLV 4,Moricandia moricandioides OLVERA,Wild,Sun,Mature,Pot,C3,control (100% N),greenhouse August 2015,Dusseldorf_BG_Greenhouse,040815brassi00720.asd.txt,040815brassi00720.asd,040815brassi00720.asd.sco,290815_MmOLV_4_.csv,94.62172443,19.7712,2.06,40.7,-31.91469961
261,MmOLV_5,Moricandia moricandioides OLVERA,Wild,Sun,Mature,Pot,C3,control (100% N),greenhouse August 2015,Dusseldorf_BG_Greenhouse,040815brassi00726.asd.txt,040815brassi00726.asd,040815brassi00726.asd.sco,290815_MmOLV_5_.csv,90.30714001,21.4052,1.92,41.18,-31.90837147
262,MmBAZ_6,Moricandia moricandioides BAZA,Wild,Sun,Mature,Pot,C3,control (100% N),greenhouse August 2015,Dusseldorf_BG_Greenhouse,040815brassi00735.asd.txt,040815brassi00735.asd,040815brassi00735.asd.sco,290815_MmBAZ_6_.csv,86.64444213,11.4436,3.07,35.12,-32.41797212
263,MmOLV_7,Moricandia moricandioides OLVERA,Wild,Sun,Mature,Pot,C3,control (100% N),greenhouse August 2015,Dusseldorf_BG_Greenhouse,040815brassi00741.asd.txt,040815brassi00741.asd,040815brassi00741.asd.sco,290815_MmOLV_7_.csv,88.41367645,17.1731,2.37,40.72,-31.88523024
264,MmBAZ_8,Moricandia moricandioides BAZA,Wild,Sun,Mature,Pot,C3,control (100% N),greenhouse August 2015,Dusseldorf_BG_Greenhouse,040815brassi00747.asd.txt,040815brassi00747.asd,040815brassi00747.asd.sco,290815_MmBAZ_8_.csv,87.41896759,12.7701,2.94,37.6,-31.97331822
